epoch,mnist_acc,usps_acc,svhn_acc,syn_acc,mean_acc,std
0,11.54,13.2,18.78,9.25,13.192499999999999,4.061784295930382
1,48.27,19.28,18.46,12.64,24.662500000000005,16.01350341638789
2,50.38,24.56,19.58,13.13,26.912499999999998,16.329734382408063
3,48.04,37.37,22.21,12.64,30.065,15.724665338251238
4,52.14,48.88,23.12,13.88,34.505,18.908928226281535
5,52.43,53.26,23.07,14.63,35.8475,19.930054984035205
6,55.27,59.99,25.28,15.57,39.0275,21.927861082802096
7,55.37,64.97,25.75,15.87,40.49,23.41008899313855
8,58.89,70.35,25.72,16.97,42.9825,25.668870089403363
9,58.62,72.25,27.45,17.01,43.832499999999996,25.910469409101797
10,57.7,72.7,29.42,19.8,44.905,24.537863938547435
11,58.76,76.58,28.67,20.0,46.0025,26.29501140901064
12,59.59,78.43,33.01,21.14,48.042500000000004,25.86158976165232
13,62.13,79.52,38.92,21.69,50.565,25.439555158584565
14,62.88,79.87,41.51,23.18,51.86,24.736379417098753
15,62.1,80.72,47.5,24.28,53.65,23.836993658317457
16,64.46,81.71,46.43,25.87,54.6175,23.974516157787203
17,64.14,82.31,52.44,27.16,56.512499999999996,23.10731684265109
18,63.55,84.3,52.31,27.31,56.8675,23.745978431445327
19,67.1,84.5,52.64,29.1,58.335,23.441776809789825
20,70.26,85.55,56.56,29.3,60.417500000000004,23.8865127565048
21,69.72,86.15,58.75,29.95,61.1425,23.647724872948494
22,69.17,86.75,58.73,31.0,61.4125,23.340120500974283
23,70.1,87.24,57.97,32.24,61.887499999999996,23.126575441830262
24,73.05,87.14,61.14,31.14,63.11749999999999,23.820202035247306
25,75.08,87.69,64.17,32.39,64.8325,23.667356386663325
26,73.44,88.14,65.51,32.24,64.8325,23.664732374006118
27,75.9,89.09,65.61,34.13,66.1825,23.4298518632392
28,75.92,89.59,66.83,35.17,66.8775,23.115595565187874
29,77.31,89.59,68.27,34.08,67.3125,23.815631246445406
30,75.82,88.99,67.16,36.82,67.1975,22.151406840198657
31,75.59,90.08,68.21,36.27,67.5375,22.73848334871963
32,76.82,90.48,68.45,35.17,67.73,23.529149297555715
33,77.73,90.68,67.94,36.17,68.13000000000001,23.253244934847267
34,72.48,90.43,69.51,36.07,67.1225,22.670834972125167
35,79.61,90.83,70.24,37.56,69.56,22.933801836299768
36,78.9,90.98,70.78,36.57,69.3075,23.349700033762034
37,79.53,90.83,70.54,37.56,69.61500000000001,22.92569228325868
38,81.47,90.73,71.67,38.51,70.595,22.761712735790923
39,81.15,90.53,71.81,38.36,70.4625,22.72526842525738
40,81.31,91.38,72.18,38.51,70.845,22.938591209284557
41,83.97,91.83,72.66,38.41,71.7175,23.557831500373716
42,84.64,91.98,72.41,38.46,71.8725,23.692507078539972
43,83.16,91.33,72.78,39.25,71.63,22.882437224503278
44,81.92,91.28,72.75,39.15,71.27499999999999,22.71348571517224
45,82.52,91.18,73.13,39.6,71.6075,22.575528602153852
46,82.82,91.48,72.65,39.55,71.625,22.72594185800301
47,80.8,91.03,73.04,40.05,71.23,22.053672407711755
48,84.89,92.08,73.52,38.81,72.325,23.613714235587757
49,82.59,91.68,74.04,40.9,72.3025,22.139377249597608
50,82.1,91.83,73.31,39.55,71.6975,22.727307180276913
51,83.67,91.93,73.44,41.14,72.545,22.260719515175904
52,84.57,92.33,74.0,40.45,72.83749999999999,22.861253064227835
53,85.46,92.48,74.65,40.65,73.31,22.975222886115095
54,83.75,91.58,75.36,40.2,72.7225,22.67068941019071
55,82.43,91.83,75.05,41.09,72.6,22.100561078850465
56,84.81,92.92,75.12,42.19,73.76,22.268981416610266
57,87.48,92.48,74.86,41.59,74.10249999999999,22.907978777418723
58,83.3,92.73,74.74,40.85,72.905,22.597764638712977
59,85.34,91.73,76.24,41.39,73.675,22.442190178322615
60,84.14,92.33,74.93,41.99,73.3475,22.08023607210756
61,85.61,91.93,75.51,41.44,73.6225,22.495486028682883
62,84.5,92.48,75.11,41.54,73.40750000000001,22.399701448903286
63,84.8,92.48,75.17,42.09,73.63499999999999,22.19034700044143
64,84.06,92.43,75.51,42.59,73.64750000000001,21.826892243285577
65,84.43,92.23,75.96,42.29,73.7275,21.986256881667394
66,86.15,93.07,74.82,42.29,74.0825,22.490417774391535
67,86.58,93.02,75.09,41.89,74.145,22.746229724212903
68,86.12,93.02,75.91,41.79,74.21,22.72744742963157
69,86.62,92.87,75.54,42.94,74.4925,22.22210817331845
70,83.32,92.58,75.47,42.19,73.38999999999999,21.944075890013384
71,84.68,92.18,75.66,42.99,73.8775,21.67095194801865
72,85.09,92.73,75.63,43.33,74.195,21.732883686555112
73,87.43,91.83,76.04,43.83,74.7825,21.68113677062775
74,85.57,92.78,75.99,43.08,74.35499999999999,21.954921240274732
75,86.75,93.12,76.19,44.58,75.16,21.549068038626018
76,83.62,92.92,76.33,43.53,74.1,21.481159186598845
77,84.57,92.13,76.33,44.58,74.40249999999999,20.90246456760542
78,85.61,93.22,75.39,43.93,74.5375,21.673192927362287
79,85.88,92.48,75.93,42.89,74.295,22.014038702609753
80,85.73,92.38,75.98,42.64,74.1825,22.08056517241652
81,87.1,92.83,75.98,44.38,75.0725,21.62438958676059
82,87.64,92.73,75.56,43.48,74.8525,22.11982123948263
83,87.57,93.22,75.27,42.99,74.7625,22.468204756944868
84,86.06,92.92,76.89,43.93,74.95,21.697595872968662
85,86.79,92.38,76.46,43.23,74.715,22.001576458669202
86,87.11,92.83,76.07,43.93,74.985,21.84071045852981
87,84.98,92.63,75.98,44.28,74.4675,21.2443080612196
88,85.11,93.27,75.12,43.13,74.1575,21.97632874253568
89,83.87,92.87,76.24,44.63,74.4025,20.979833769598844
90,87.2,92.23,76.96,43.88,75.0675,21.740826992856856
91,87.19,93.52,76.38,44.38,75.36749999999999,21.836781470720446
92,84.49,92.53,76.87,44.68,74.6425,20.973388495901183
93,85.87,93.27,77.29,43.73,75.04,21.870835984631835
94,88.66,93.47,76.68,45.02,75.9575,21.79978650507079
95,86.88,92.97,77.01,44.28,75.285,21.690926674533756
96,86.11,92.58,76.48,44.48,74.91250000000001,21.339467933073372
97,88.13,93.27,76.62,44.63,75.6625,21.828081874808266
98,86.44,93.37,77.24,43.33,75.095,22.18333383420986
99,86.91,93.62,76.87,43.38,75.195,22.298891601751567
100,85.78,92.97,77.49,44.08,75.08,21.61288350344149
101,83.6,92.58,77.52,43.23,74.2325,21.57423984755894
102,88.11,93.57,76.67,43.48,75.45750000000001,22.451273720363098
103,87.52,92.78,77.42,44.83,75.6375,21.504561337849545
104,86.16,93.37,77.79,44.18,75.375,21.749302670813762
105,86.01,93.32,77.06,44.53,75.22999999999999,21.519722736751667
106,85.24,93.67,76.86,41.79,74.39,22.79109328955795
107,87.43,93.97,76.59,43.38,75.3425,22.481466996913998
108,87.48,93.82,75.83,44.18,75.3275,22.061089992714926
109,86.62,93.87,75.64,44.78,75.22749999999999,21.63756205460002
110,87.77,93.42,76.75,43.73,75.4175,22.230215735945226
111,89.83,93.87,75.97,43.63,75.82499999999999,22.791088170598613
112,84.59,93.22,76.36,44.53,74.67500000000001,21.242916466436522
113,87.97,93.37,76.61,44.08,75.5075,22.085335066509632
114,86.08,93.77,77.14,43.58,75.1425,22.111792291294105
115,87.38,93.87,76.6,43.53,75.345,22.373988617737933
116,86.28,93.67,77.32,43.03,75.07499999999999,22.384876591127323
117,88.44,93.62,77.89,43.48,75.8575,22.55555567186645
118,87.87,93.57,77.34,43.93,75.6775,22.20710303033694
119,85.96,93.62,76.92,42.79,74.8225,22.419266082248694
120,87.23,92.92,76.06,42.39,74.65,22.61817116096407
121,89.42,93.97,76.72,42.54,75.66250000000001,23.256910621719875
122,87.29,92.87,77.55,43.13,75.21000000000001,22.30399067431656
123,88.44,92.97,76.98,42.39,75.195,22.881833405564336
124,88.24,93.57,77.17,43.58,75.64,22.438281277020007
125,89.93,93.87,77.37,43.63,76.2,22.82480814085119
126,85.66,93.12,78.3,43.48,75.14,21.956714994127275
127,86.81,93.42,77.05,43.43,75.17750000000001,22.207460270518705
128,89.52,93.77,76.85,43.03,75.79249999999999,22.993727224325042
129,87.81,93.82,77.58,44.48,75.9225,22.007659840761505
130,89.69,93.72,77.44,43.88,76.1825,22.620413163040737
131,89.83,93.57,77.66,43.88,76.23499999999999,22.6141762323253
132,89.49,93.47,77.27,43.33,75.88999999999999,22.774798938007482
133,88.33,93.22,77.6,44.03,75.79499999999999,22.1587462040011
134,87.61,93.67,77.26,43.93,75.6175,22.18489181853272
135,87.52,93.67,77.44,43.63,75.565,22.316458052298533
136,88.64,93.92,77.09,43.08,75.68249999999999,22.842995096965723
137,89.38,93.97,76.79,44.23,76.0925,22.448964898186286
138,87.0,93.82,77.43,44.23,75.62,21.97993478910557
139,85.94,93.52,76.9,43.93,75.0725,21.844967956030512
140,86.73,93.57,77.34,44.68,75.58,21.647711195412782
141,88.01,93.82,76.93,42.84,75.4,22.809376726834657
142,87.67,94.12,77.91,43.83,75.88250000000001,22.383215996217643
143,88.76,94.87,76.95,42.89,75.86749999999999,23.209185502009042
144,85.14,94.77,76.18,42.54,74.65750000000001,22.717447589903227
145,86.29,95.27,75.41,42.34,74.82750000000001,23.13051141530021
146,88.96,94.42,76.95,42.64,75.74249999999999,23.243528669287716
147,87.31,93.92,76.88,42.99,75.275,22.63753888272015
148,86.58,93.67,77.58,43.63,75.365,22.157509637441958
149,87.57,94.02,77.53,43.23,75.5875,22.613554010813957
150,89.34,94.37,77.35,42.84,75.975,23.215067664486067
151,87.21,94.22,77.67,42.39,75.3725,23.0107110928802
152,88.26,93.82,77.51,43.28,75.7175,22.659944652771475
153,87.92,93.87,77.87,42.74,75.60000000000001,22.880179195102475
154,88.35,93.92,77.8,43.38,75.8625,22.663315990089945
155,87.76,93.72,76.98,42.09,75.13750000000002,23.09522948576177
156,88.29,94.27,77.42,43.03,75.7525,22.902905747233614
157,88.42,94.37,77.04,41.69,75.38000000000001,23.58271542182254
158,90.5,93.82,77.8,42.09,76.05250000000001,23.670794064979454
159,89.71,94.02,77.35,42.89,75.99249999999999,23.171670023256127
160,89.21,93.97,76.9,42.29,75.59250000000002,23.337629663985442
161,87.14,93.62,77.82,42.24,75.205,22.91350329681896
162,88.55,93.82,76.68,42.79,75.46000000000001,22.92927531926525
163,87.13,93.27,77.26,44.13,75.44749999999999,21.895153763637587
164,88.24,94.37,76.75,44.28,75.91,22.31563726776958
165,87.07,94.07,77.01,42.94,75.2725,22.663748402827512
166,90.04,94.52,76.74,42.39,75.9225,23.595675274648674
167,89.48,94.37,77.74,42.09,75.92000000000002,23.60831350746314
168,89.15,93.42,77.47,43.68,75.92999999999999,22.532218414232247
169,88.39,92.97,77.67,43.38,75.6025,22.41810484853704
170,88.09,93.57,76.79,43.38,75.4575,22.497290762815563
171,91.18,94.22,76.91,44.48,76.6975,22.765421696072316
172,88.78,94.27,77.27,43.18,75.875,22.918872136298504
173,88.49,94.27,77.45,42.84,75.76249999999999,23.030816131146253
174,87.86,93.87,77.2,43.58,75.6275,22.449483104665614
175,90.11,94.47,76.57,43.43,76.145,23.10323714691659
176,88.4,93.67,77.47,44.63,76.04249999999999,22.001662626568326
177,89.67,94.32,78.23,43.63,76.4625,22.90869903915686
178,90.27,94.57,77.57,43.73,76.535,23.03005789542585
179,88.9,94.92,76.69,42.54,75.7625,23.41081285076051
180,89.67,94.92,76.72,43.23,76.135,23.23182945874044
181,88.25,94.77,76.52,42.94,75.61999999999999,23.05812799571263
182,88.1,94.57,76.15,42.24,75.265,23.30131684404696
183,89.58,94.47,76.87,43.73,76.16250000000001,22.858707130252725
184,88.89,94.12,77.55,42.59,75.7875,23.18718378041341
185,88.83,93.57,77.53,43.68,75.90249999999999,22.510731329745816
186,88.63,94.42,77.65,42.79,75.87250000000002,23.125562155329327
187,89.01,94.42,77.71,44.43,76.3925,22.416729429899746
188,88.91,94.52,77.46,44.18,76.2675,22.538975686574577
189,88.66,95.02,77.56,43.58,76.205,22.91548166633204
190,89.07,94.62,76.34,43.83,75.96499999999999,22.748984592724135
191,87.95,94.87,76.51,44.03,75.84,22.517533908786135
192,88.58,94.42,76.83,42.74,75.6425,23.122558069267914
193,90.52,94.92,76.88,43.68,76.5,23.1887443960786
194,88.82,94.42,77.35,43.58,76.0425,22.77806309441901
195,90.08,94.82,76.9,43.53,76.33249999999998,23.145247712363474
196,88.98,94.97,76.22,42.89,75.76499999999999,23.26972926357331
197,88.94,94.87,76.08,42.74,75.6575,23.304400693145205
198,88.18,94.22,76.43,43.98,75.70250000000001,22.401131481839634
199,86.22,93.77,76.54,43.48,75.00250000000001,22.16666622807017
